headline,polarity,sentiment
Top 10 Free API Providers for Data Science Projects - KDnuggets,0.45,Positive
Deploying a PICO Extractor in Five Steps - Towards Data Science,0.0,Neutral
Why law firms want to recruit more data scientists - Financial Times,0.25,Positive
From Python to JavaScript: A Playbook for Data Analytics in n8n with Code Node Examples - Towards Data Science,0.0,Neutral
"The SyncNet Research Paper, Clearly Explained - Towards Data Science",0.09999999999999999,Neutral
Rapid Prototyping of Chatbots with Streamlit and Chainlit - Towards Data Science,0.0,Neutral
Python Can Now Call Mojo - Towards Data Science,0.0,Neutral
TDS Newsletter: How to Make Smarter Business Decisions with AI - Towards Data Science,0.0,Neutral
From Amnesia to Awareness: Giving Retrieval-Only Chatbots Memory - Towards Data Science,0.0,Neutral
"How I Built and Deployed an App in 2 days with Lovable, Supabase, and Netlify - Towards Data Science",0.5,Positive
"Why Most Data Science Projects Fail (And How I Learned to Avoid It) | by Devsync | Sep, 2025 - DataDrivenInvestor",0.0,Neutral
Data Science Master's Degree - Elmhurst University,0.0,Neutral
New Data Science Minor Prepares Students for Data-Driven World - CSUF News,0.043181818181818175,Neutral
School of Data Science and Society - The University of North Carolina at Chapel Hill,0.0,Neutral
"Analytics and Data Science News for the Week of September 19; Updates from Databricks, Domino Data Lab, Plotly & More - solutionsreview.com",0.5,Positive
General Atomics Leads Effort to Build National Data Ecosystem Aimed at Accelerating Commercial Fusion Power - General Atomics,0.03333333333333335,Neutral
"5 Free AI & Data Science Certifications That Pay $100,000+ In 2025 - Forbes",0.4,Positive
Guess Hoos back? From student to professor at UVA - UVA Today,0.0,Neutral
Data and AI’s Decade in APAC: How Ekimetrics Sustainably Scaled Mainstream AI Adoption in APAC’s Digital Economy - South China Morning Post,0.0,Neutral
BYU launches three new data science majors - BYU Daily Universe,0.06818181818181818,Neutral
"Free AI, data science lecture series launched at UH Mānoa - University of Hawaii System",0.4,Positive
Game Changer: How Data Science Is Revolutionizing Athlete Performance - Study Finds,-0.4,Negative
New study may help uncover childhood lead exposure’s true impact - WashU,0.24318181818181817,Positive
My Experiments with NotebookLM for Teaching - Towards Data Science,0.0,Neutral
I Applied for 500 Remote Data Science Jobs Without Experience and Discovered the Ultimate Job… - DataDrivenInvestor,-0.05,Neutral
School of Data Science and Society launches - The University of North Carolina at Chapel Hill,0.0,Neutral
What Being a Data Scientist at a Startup Really Looks Like - Towards Data Science,0.2,Positive
"Building LLM Apps That Can See, Think, and Integrate: Using o3 with Multimodal Input and Structured Output - Towards Data Science",0.0,Neutral
Researcher uses data science to address homelessness - The University of North Carolina at Chapel Hill,0.0,Neutral
Evaluating Your RAG Solution - Towards Data Science,0.0,Neutral
The Data You Wrote Off Just Got a Second Life - CDOTrends,0.0,Neutral
"RAG Explained: Understanding Embeddings, Similarity, and Retrieval - Towards Data Science",0.0,Neutral
New data science methods could improve understanding of personality and psychopathology - Vanderbilt University,0.13636363636363635,Positive
"ProCogia Unveils Data Science in a Box for Secure, Multi-Cloud Enterprise Generative AI - goSkagit",0.4,Positive
The Kaggle Grandmasters Playbook: 7 Battle-Tested Modeling Techniques for Tabular Data | NVIDIA Technical Blog - NVIDIA Developer,0.0,Neutral
Turning materials data into AI-powered lab assistants - Phys.org,0.0,Neutral
New Data Science Program Prepares VSU Grads to Solve Real-World Problems - Valdosta State University,0.13636363636363635,Positive
An Interactive Guide to 4 Fundamental Computer Vision Tasks Using Transformers - Towards Data Science,0.0,Neutral
Banking Giant FNB Strengthens Digital Innovation with Strategic AI and Data Science Leadership Hires - Stock Titan,0.0,Neutral
2025 Siebel School of Computing and Data Science new faculty members - University of Illinois Urbana-Champaign,0.13636363636363635,Positive
Researcher - Data Science (Globally Recruited) - CGIAR,0.0,Neutral
Data science & digital health - Johnson & Johnson,0.0,Neutral
"F.N.B. expands innovation leadership, hires new directors of AI, data sciences - Pittsburgh Business Times - The Business Journals",0.13636363636363635,Positive
GEM‑1 Generates In Silico Gene Expression Data Matching Wet Lab Results - Quantum Zeitgeist,-0.1,Negative
How to Select the 5 Most Relevant Documents for AI Search - Towards Data Science,0.45,Positive
NON-CAMPUS BS PROGRAMMES - iitm.ac.in,0.0,Neutral
Data Science and Public Health | Injury Center - Centers for Disease Control and Prevention | CDC (.gov),-0.05,Neutral
"Data Scientist Job Description: Role, Responsibilities, and More - Simplilearn.com",0.5,Positive
"A Trump Administration Playbook: No Data, No Problem - The New York Times",0.13636363636363635,Positive
Tech equity advocate Afua Bruce guides responsible AI and data science adoption at ANB Advisory Group - The Business Journals,0.2,Positive
From Data Scientist IC to Manager: One Year In - Towards Data Science,0.0,Neutral
YSE Launches New Certificate Program in Environmental Data Science - Yale School of the Environment,0.13636363636363635,Positive
Data firm launches startup help program; Fayettevile to host NWA regional report - Northwest Arkansas Democrat-Gazette,-0.2,Negative
Division of Statistics and Data Science - College of Arts and Sciences | University of Cincinnati,0.0,Neutral
What Can I Do With a Degree in Data Science? Career Paths & Skills - Harvard School of Engineering and Applied Sciences,0.0,Neutral
SEMO Launches Master’s Program in Data Science - Southeast Missouri State University,0.0,Neutral
Revolutionizing Healthcare: The Impact of AI and Data Science on Indian Medicine Both Conventional And An - The Times of India,-0.14285714285714285,Negative
Bridging big data science and human connection to improve the health and welfare of the unhoused - San Diego State University,0.0,Neutral
"Mānoa: VNR: UH Mānoa launches new graduate programs in AI, data science - University of Hawaiʻi at Mānoa",0.13636363636363635,Positive
WKU hosts fourth annual Data Science Day - Western Kentucky University,0.0,Neutral
Surveillance and Data Analytics | COVID-19 - Centers for Disease Control and Prevention | CDC (.gov),0.0,Neutral
‘Theoretical rigor with practical application’: UChicago master’s in data science and computer science - University of Chicago News,0.0,Neutral
Writing Is Thinking - Towards Data Science,0.0,Neutral
"Phenome-wide Analysis of Diseases in Relation to Objectively Measured Sleep Traits and Comparison with Subjective Sleep Traits in 88,461 Adults | Health Data Science - Science Partner Journals",0.0,Neutral
Statistics and Data Science Major - University of Lynchburg,0.0625,Neutral
Accelerometer-Measured Physical Activity and Neuroimaging-Driven Brain Age - Science Partner Journals,0.0,Neutral
"UH Mānoa launches new graduate programs in AI, data science - University of Hawaii System",0.13636363636363635,Positive
Become a Better Data Scientist with These Prompt Engineering Tips and Tricks - Towards Data Science,0.5,Positive
Guido W. Imbens named director of Stanford Data Science - Stanford Report,0.0,Neutral
Data Science Education & Training - Fred Hutchinson Cancer Center,-0.1,Negative
Office of Data Science and Sharing (ODSS) | NICHD - National Institute of Child Health and Human Development (.gov),0.0,Neutral
Stanford launches Cancer Data Science initiative to enhance research collaboration - Stanford Medicine,0.0,Neutral
Why I stopped Using Cursor and Reverted to VSCode - Towards Data Science,0.0,Neutral
Historians use data science to mine the past - PNAS,-0.25,Negative
“My biggest lesson was realizing that domain expertise matters more than algorithmic complexity.“ - Towards Data Science,0.5,Positive
Five questions: Dr. Vishal Midha discusses the new bachelor’s degree in data science - Illinois State University News,0.13636363636363635,Positive
How to Become a Data Scientist - Harvard School of Engineering and Applied Sciences,0.0,Neutral
What I Learned in my First 18 Months as a Freelance Data Scientist - Towards Data Science,0.25,Positive
Enabling pan-repository reanalysis for big data science of public metabolomics data - Nature,0.0,Neutral
13 Top Data Science Careers: Key Insights - iSchool | Syracuse University,0.25,Positive
